Table_Name,Column_Name,Description
employees,Employee_ID,Analytical field
employees,Age,Analytical field
employees,Gender,Analytical field
employees,Department,Analytical field
employees,Job_Level,Analytical field
employees,Work_Mode,Analytical field
employees,Region,Analytical field
employees,Tenure_Years,Analytical field
employees,Annual_Salary,Analytical field
employees,Overtime,Analytical field
employees,Job_Satisfaction,Analytical field
employees,Manager_Satisfaction,Analytical field
employees,Promotions_Last_3Yrs,Analytical field
employees,Training_Hours,Analytical field
employees,Monthly_Hours,Analytical field
employees,Attrition,Analytical field
employee_performance,Employee_ID,Analytical field
employee_performance,Review_Year,Analytical field
employee_performance,Performance_Score,Analytical field
employee_performance,Projects_Completed,Analytical field
employee_performance,Performance_Band,Analytical field
customers,Customer_ID,Analytical field
customers,Age,Analytical field
customers,Segment,Analytical field
customers,Plan,Analytical field
customers,Contract_Type,Analytical field
customers,Tenure_Months,Analytical field
customers,Monthly_Charge,Analytical field
customers,Payment_Method,Analytical field
customers,Support_Tickets,Analytical field
customers,Complaints,Analytical field
customers,Satisfaction_Score,Analytical field
customers,Usage_Score,Analytical field
customers,Churn,Analytical field
customer_transactions,Transaction_ID,Analytical field
customer_transactions,Customer_ID,Analytical field
customer_transactions,Transaction_Date,Analytical field
customer_transactions,Transaction_Type,Analytical field
customer_transactions,Transaction_Value,Analytical field
customer_support,Interaction_ID,Analytical field
customer_support,Customer_ID,Analytical field
customer_support,Interaction_Date,Analytical field
customer_support,Channel,Analytical field
customer_support,Issue_Type,Analytical field
customer_support,Resolution_Status,Analytical field
customer_support,Resolution_Hours,Analytical field
